{
  "lang":"it",
  "name":"pipeline",
  "version":"0.0.0",
  "spacy_version":">=3.8.11,<3.9.0",
  "description":"",
  "author":"",
  "email":"",
  "url":"",
  "license":"",
  "spacy_git_version":"e7a662a",
  "vectors":{
    "width":0,
    "vectors":0,
    "keys":0,
    "name":null,
    "mode":"default"
  },
  "labels":{
    "transformer":[

    ],
    "ner":[
      "AGE",
      "DATE",
      "GPE",
      "LOC",
      "MISC",
      "ORG",
      "PATIENT",
      "PER"
    ]
  },
  "pipeline":[
    "transformer",
    "ner"
  ],
  "components":[
    "transformer",
    "ner"
  ],
  "disabled":[

  ],
  "performance":{
    "ents_f":0.8808172531,
    "ents_p":0.8565121413,
    "ents_r":0.9065420561,
    "ents_per_type":{
      "GPE":{
        "p":0.7746478873,
        "r":0.8870967742,
        "f":0.8270676692
      },
      "LOC":{
        "p":0.6060606061,
        "r":0.6451612903,
        "f":0.625
      },
      "DATE":{
        "p":0.9607843137,
        "r":1.0,
        "f":0.98
      },
      "PER":{
        "p":1.0,
        "r":0.9047619048,
        "f":0.95
      },
      "ORG":{
        "p":0.7553191489,
        "r":0.8255813953,
        "f":0.7888888889
      },
      "PATIENT":{
        "p":0.9444444444,
        "r":1.0,
        "f":0.9714285714
      },
      "AGE":{
        "p":1.0,
        "r":0.6666666667,
        "f":0.8
      },
      "MISC":{
        "p":0.0,
        "r":0.0,
        "f":0.0
      }
    },
    "transformer_loss":22.5922986642,
    "ner_loss":4334.8046875
  }
}