{
  "lang":"it",
  "name":"nerIta_trf",
  "version":"0.0.0",
  "description":"",
  "author":"",
  "email":"",
  "url":"",
  "license":"",
  "spacy_version":">=3.2.3,<3.3.0",
  "spacy_git_version":"b50fe5ec6",
  "vectors":{
    "width":0,
    "vectors":0,
    "keys":0,
    "name":null
  },
  "labels":{
    "transformer":[

    ],
    "ner":[
      "CARDINAL",
      "DATE",
      "EVENT",
      "FAC",
      "GPE",
      "LANGUAGE",
      "LAW",
      "LOC",
      "MONEY",
      "NORP",
      "ORDINAL",
      "ORG",
      "PER",
      "PERCENT",
      "PRODUCT",
      "QUANTITY",
      "TIME",
      "WORK_OF_ART"
    ]
  },
  "pipeline":[
    "transformer",
    "ner"
  ],
  "components":[
    "transformer",
    "ner"
  ],
  "disabled":[

  ],
  "performance":{
    "ents_f":0.9991603694,
    "ents_p":0.9996483551,
    "ents_r":0.99867286,
    "ents_per_type":{
      "ORG":{
        "p":1.0,
        "r":1.0,
        "f":1.0
      },
      "DATE":{
        "p":1.0,
        "r":0.9995191152,
        "f":0.9997594998
      },
      "PER":{
        "p":1.0,
        "r":0.9996473907,
        "f":0.9998236643
      },
      "TIME":{
        "p":1.0,
        "r":0.9956427015,
        "f":0.9978165939
      },
      "LOC":{
        "p":1.0,
        "r":1.0,
        "f":1.0
      },
      "ORDINAL":{
        "p":0.9873617694,
        "r":0.9674922601,
        "f":0.977326036
      },
      "EVENT":{
        "p":1.0,
        "r":0.9959839357,
        "f":0.9979879276
      },
      "NORP":{
        "p":1.0,
        "r":0.9990253411,
        "f":0.999512433
      },
      "GPE":{
        "p":1.0,
        "r":0.999405116,
        "f":0.9997024695
      },
      "QUANTITY":{
        "p":1.0,
        "r":0.9973614776,
        "f":0.998678996
      },
      "CARDINAL":{
        "p":0.9996070727,
        "r":0.999214454,
        "f":0.9994107248
      },
      "FAC":{
        "p":1.0,
        "r":0.9982174688,
        "f":0.9991079393
      },
      "PERCENT":{
        "p":1.0,
        "r":1.0,
        "f":1.0
      },
      "PRODUCT":{
        "p":1.0,
        "r":1.0,
        "f":1.0
      },
      "WORK_OF_ART":{
        "p":1.0,
        "r":1.0,
        "f":1.0
      },
      "LAW":{
        "p":1.0,
        "r":1.0,
        "f":1.0
      },
      "LANGUAGE":{
        "p":1.0,
        "r":1.0,
        "f":1.0
      },
      "MONEY":{
        "p":1.0,
        "r":1.0,
        "f":1.0
      }
    },
    "transformer_loss":13.1735397025,
    "ner_loss":409.0941776226
  },
  "requirements":[
    "spacy-transformers>=1.1.5,<1.2.0"
  ]
}