{
  "token_acc":1.0,
  "token_p":1.0,
  "token_r":1.0,
  "token_f":1.0,
  "ents_p":0.2525312686,
  "ents_r":0.4716351502,
  "ents_f":0.3289371606,
  "ents_per_type":{
    "PRODUCT":{
      "p":0.0,
      "r":0.0,
      "f":0.0
    },
    "DATE":{
      "p":0.0932754881,
      "r":0.3873873874,
      "f":0.1503496503
    },
    "TIME":{
      "p":0.0,
      "r":0.0,
      "f":0.0
    },
    "GPE":{
      "p":0.5541125541,
      "r":0.8476821192,
      "f":0.6701570681
    },
    "ORG":{
      "p":0.2867924528,
      "r":0.3206751055,
      "f":0.3027888446
    },
    "PER":{
      "p":0.3977272727,
      "r":0.7608695652,
      "f":0.5223880597
    },
    "FAC":{
      "p":0.0,
      "r":0.0,
      "f":0.0
    },
    "QUANTITY":{
      "p":0.0,
      "r":0.0,
      "f":0.0
    },
    "CARDINAL":{
      "p":0.0,
      "r":0.0,
      "f":0.0
    },
    "WORK_OF_ART":{
      "p":0.0,
      "r":0.0,
      "f":0.0
    },
    "PATIENT":{
      "p":0.0,
      "r":0.0,
      "f":0.0
    },
    "LOC":{
      "p":0.4,
      "r":0.0384615385,
      "f":0.0701754386
    },
    "ORDINAL":{
      "p":0.0,
      "r":0.0,
      "f":0.0
    },
    "MISC":{
      "p":0.0,
      "r":0.0,
      "f":0.0
    },
    "AGE":{
      "p":0.0,
      "r":0.0,
      "f":0.0
    },
    "LAW":{
      "p":0.0,
      "r":0.0,
      "f":0.0
    },
    "EVENT":{
      "p":0.0,
      "r":0.0,
      "f":0.0
    },
    "LANGUAGE":{
      "p":0.0,
      "r":0.0,
      "f":0.0
    },
    "MONEY":{
      "p":0.0,
      "r":0.0,
      "f":0.0
    },
    "NORP":{
      "p":0.0,
      "r":0.0,
      "f":0.0
    }
  },
  "speed":722.7663527063
}