{
  "lang":"it",
  "name":"pipeline",
  "version":"0.0.0",
  "spacy_version":">=3.8.11,<3.9.0",
  "description":"",
  "author":"",
  "email":"",
  "url":"",
  "license":"",
  "spacy_git_version":"e7a662a",
  "vectors":{
    "width":0,
    "vectors":0,
    "keys":0,
    "name":null,
    "mode":"default"
  },
  "labels":{
    "transformer":[

    ],
    "ner":[
      "AGE",
      "DATE",
      "EVENT",
      "FAC",
      "GPE",
      "LOC",
      "NORP",
      "ORG",
      "PATIENT",
      "PER",
      "PRODUCT",
      "WORKS_OF_ART"
    ]
  },
  "pipeline":[
    "transformer",
    "ner"
  ],
  "components":[
    "transformer",
    "ner"
  ],
  "disabled":[

  ],
  "performance":{
    "ents_f":0.9044222539,
    "ents_p":0.8995743339,
    "ents_r":0.9093227092,
    "ents_per_type":{
      "GPE":{
        "p":0.868959869,
        "r":0.9115120275,
        "f":0.8897274633
      },
      "DATE":{
        "p":0.9626506024,
        "r":0.9767726161,
        "f":0.9696601942
      },
      "PER":{
        "p":0.9377245509,
        "r":0.90625,
        "f":0.921718658
      },
      "PATIENT":{
        "p":0.9382139148,
        "r":0.9673447537,
        "f":0.9525566684
      },
      "AGE":{
        "p":0.9842519685,
        "r":0.9689922481,
        "f":0.9765625
      },
      "ORG":{
        "p":0.8322368421,
        "r":0.8227642276,
        "f":0.827473426
      },
      "PRODUCT":{
        "p":0.8285714286,
        "r":0.8446601942,
        "f":0.8365384615
      },
      "EVENT":{
        "p":0.796875,
        "r":0.8360655738,
        "f":0.816
      },
      "FAC":{
        "p":0.7264957265,
        "r":0.7623318386,
        "f":0.7439824945
      },
      "LOC":{
        "p":0.7898550725,
        "r":0.6833855799,
        "f":0.7327731092
      },
      "WORKS_OF_ART":{
        "p":0.8645833333,
        "r":0.9325842697,
        "f":0.8972972973
      },
      "NORP":{
        "p":0.7619047619,
        "r":0.7272727273,
        "f":0.7441860465
      }
    },
    "transformer_loss":3889.7821358401,
    "ner_loss":508.6739501953
  }
}