{
  "lang":"it",
  "name":"pipeline",
  "version":"0.0.0",
  "spacy_version":">=3.8.11,<3.9.0",
  "description":"",
  "author":"",
  "email":"",
  "url":"",
  "license":"",
  "spacy_git_version":"e7a662a",
  "vectors":{
    "width":0,
    "vectors":0,
    "keys":0,
    "name":null,
    "mode":"default"
  },
  "labels":{
    "transformer":[

    ],
    "ner":[
      "AGE",
      "DATE",
      "EVENT",
      "FAC",
      "GPE",
      "LOC",
      "NORP",
      "ORG",
      "PATIENT",
      "PER",
      "PRODUCT",
      "WORKS_OF_ART"
    ]
  },
  "pipeline":[
    "transformer",
    "ner"
  ],
  "components":[
    "transformer",
    "ner"
  ],
  "disabled":[

  ],
  "performance":{
    "ents_f":0.8650892487,
    "ents_p":0.8590272053,
    "ents_r":0.8712374582,
    "ents_per_type":{
      "GPE":{
        "p":0.8375,
        "r":0.8942505133,
        "f":0.8649453823
      },
      "PER":{
        "p":0.9316375199,
        "r":0.8905775076,
        "f":0.9106449106
      },
      "FAC":{
        "p":0.7743902439,
        "r":0.6256157635,
        "f":0.6920980926
      },
      "WORKS_OF_ART":{
        "p":0.7384615385,
        "r":0.7164179104,
        "f":0.7272727273
      },
      "AGE":{
        "p":0.7021276596,
        "r":0.6947368421,
        "f":0.6984126984
      },
      "DATE":{
        "p":0.9159836066,
        "r":0.9254658385,
        "f":0.920700309
      },
      "ORG":{
        "p":0.7940691928,
        "r":0.8239316239,
        "f":0.8087248322
      },
      "PRODUCT":{
        "p":0.7662337662,
        "r":0.7866666667,
        "f":0.7763157895
      },
      "LOC":{
        "p":0.6983471074,
        "r":0.6305970149,
        "f":0.662745098
      },
      "EVENT":{
        "p":0.7142857143,
        "r":0.8333333333,
        "f":0.7692307692
      },
      "PATIENT":{
        "p":0.916426513,
        "r":0.9629068887,
        "f":0.9390919158
      },
      "NORP":{
        "p":0.6875,
        "r":0.5789473684,
        "f":0.6285714286
      }
    },
    "transformer_loss":792.4937442762,
    "ner_loss":3582.62109375
  }
}